Туров Эрик Александрович;Детектив;Управление информационных технологий ФССП России;2;222460
Бобылёв Радислав Викторович;Секретарь-референт;Управление по рассмотрению обращений в исполнительном производстве ФССП России;4;125544
Харитонов Тимофей Львович;Иммунолог;Управление по исполнению особо важных исполнительных производств ФССП России;3;214038
Баранов Йосып Богданович;Прокурор;Управление по исполнению особо важных исполнительных производств ФССП России;2;157337
Селезнёв Харитон Сергеевич;Флорист;Управление по рассмотрению обращений в исполнительном производстве ФССП России;2;146946
Линник Юлий Анатолиевич;Налоговый инспектор;Управление по исполнению особо важных исполнительных производств ФССП России;4;96604
Щербаков Донат Максимович;Воспитатель;Управление информационных технологий ФССП России;4;51575
Егоров Добрыня Иванович;Египтолог;Управление по рассмотрению обращений в исполнительном производстве ФССП России;2;156609
Фадеев Добрыня Леонидович;Лоббист;Управление информационных технологий ФССП России;4;98124
Никитин Леонард Леонидович;Терапевт;Управление по рассмотрению обращений в исполнительном производстве ФССП России;3;67906
Антонов Фёдор Юхимович;Маркетолог;Управление по исполнению особо важных исполнительных производств ФССП России;2;77957
Мамонтов Клим Виталиевич;Животновод;Управление по исполнению особо важных исполнительных производств ФССП России;3;175277
Гусев Цицерон Брониславович;Хореограф;Управление по рассмотрению обращений в исполнительном производстве ФССП России;3;85681
Сирко Устин Иванович;Артист цирка;Управление по исполнению особо важных исполнительных производств ФССП России;4;171274
Спивак Тит Леонидович;Спортивный врач;Управление информационных технологий ФССП России;4;150918
Тягай Цицерон Леонидович;Ветеринар;Управление по рассмотрению обращений в исполнительном производстве ФССП России;3;71947
Шестаков Иммануил Анатолиевич;Переплетчик;Управление информационных технологий ФССП России;2;173318
Стрелков Жигер Михайлович;Детектив;Управление по рассмотрению обращений в исполнительном производстве ФССП России;4;82031
Яровой Ростислав Платонович;Секретарь-референт;Управление по исполнению особо важных исполнительных производств ФССП России;5;157474
Суворов Йонас Борисович;Иммунолог;Управление по исполнению особо важных исполнительных производств ФССП России;2;223122
Кондратьев Нестор Михайлович;Прокурор;Управление по рассмотрению обращений в исполнительном производстве ФССП России;2;132287
Семочко Корнелий Платонович;Флорист;Управление по исполнению особо важных исполнительных производств ФССП России;5;153634
Комиссаров Йоган Владимирович;Налоговый инспектор;Управление информационных технологий ФССП России;4;19411
Шарапов Кристиан Ярославович;Воспитатель;Управление по рассмотрению обращений в исполнительном производстве ФССП России;3;118768
Коровяк Назар Фёдорович;Египтолог;Управление информационных технологий ФССП России;3;159052
Кириллов Савва Владимирович;Лоббист;Управление по рассмотрению обращений в исполнительном производстве ФССП России;3;146835
Харитонов Николай Владимирович;Терапевт;Управление по исполнению особо важных исполнительных производств ФССП России;3;127851
Горбунов Казбек Богданович;Маркетолог;Управление по исполнению особо важных исполнительных производств ФССП России;5;30367
Толочко Йомер Григорьевич;Животновод;Управление по рассмотрению обращений в исполнительном производстве ФССП России;4;217717
Романенко Трофим Богданович;Хореограф;Управление по исполнению особо важных исполнительных производств ФССП России;4;25727
Тягай Устин Львович;Артист цирка;Управление информационных технологий ФССП России;4;228487
Павлив Зигмунд Брониславович;Спортивный врач;Управление по рассмотрению обращений в исполнительном производстве ФССП России;2;70357
Орехов Нестор Ярославович;Ветеринар;Управление информационных технологий ФССП России;5;201289
Яковлев Герман Михайлович;Переплетчик;Управление по рассмотрению обращений в исполнительном производстве ФССП России;2;95225
Лукин Данила Данилович;Детектив;Управление по исполнению особо важных исполнительных производств ФССП России;3;243340
Дидовец Семён Фёдорович;Секретарь-референт;Управление по исполнению особо важных исполнительных производств ФССП России;2;177691
Потапов Чеслав Максимович;Иммунолог;Управление по рассмотрению обращений в исполнительном производстве ФССП России;4;146121
Орлов Шерлок Владимирович;Прокурор;Управление по исполнению особо важных исполнительных производств ФССП России;3;56570
Ситников Иннокентий Эдуардович;Флорист;Управление информационных технологий ФССП России;2;102685
Гаврилов Осип Владимирович;Налоговый инспектор;Управление по рассмотрению обращений в исполнительном производстве ФССП России;2;30398
Бердник Зураб Богданович;Воспитатель;Управление информационных технологий ФССП России;4;172820
Сидоров Зигмунд Богданович;Египтолог;Управление по рассмотрению обращений в исполнительном производстве ФССП России;4;184733
Селезнёв Леонид Львович;Лоббист;Управление по исполнению особо важных исполнительных производств ФССП России;3;85696
Кузьмин Милан Леонидович;Терапевт;Управление по исполнению особо важных исполнительных производств ФССП России;5;213526
Петров Иван Леонидович;Маркетолог;Управление по рассмотрению обращений в исполнительном производстве ФССП России;3;35695
Недбайло Платон Юхимович;Животновод;Управление по исполнению особо важных исполнительных производств ФССП России;5;20783
Саксаганский Жерар Вадимович;Хореограф;Управление информационных технологий ФССП России;3;162243
Легойда Ждан Романович;Артист цирка;Управление по рассмотрению обращений в исполнительном производстве ФССП России;2;114382
Гусев Нестор Андреевич;Спортивный врач;Управление информационных технологий ФССП России;5;63097
Потапов Алексей Богданович;Ветеринар;Управление по рассмотрению обращений в исполнительном производстве ФССП России;5;123462
Одинцова Шушана Романовна;Переплетчик;Управление по исполнению особо важных исполнительных производств ФССП России;2;81622
Дементьева Ягетта Александровна;Детектив;Управление по исполнению особо важных исполнительных производств ФССП России;3;56956
Ткаченко Устинья Владимировна;Секретарь-референт;Управление по рассмотрению обращений в исполнительном производстве ФССП России;3;87958
Евдокимова Шушана Леонидовна;Иммунолог;Управление по исполнению особо важных исполнительных производств ФССП России;5;233414
Игнатьева Йолика Борисовна;Прокурор;Управление информационных технологий ФССП России;5;127108
Герасимова Хильда Викторовна;Флорист;Управление по рассмотрению обращений в исполнительном производстве ФССП России;5;229231
Желиба Эмма Григорьевна;Налоговый инспектор;Управление информационных технологий ФССП России;5;172744
Полищук Светлана Дмитриевна;Воспитатель;Управление по рассмотрению обращений в исполнительном производстве ФССП России;4;15939
Бондаренко Юнона Богдановна;Египтолог;Управление по исполнению особо важных исполнительных производств ФССП России;2;16308
Иванова Цвета Максимовна;Лоббист;Управление по исполнению особо важных исполнительных производств ФССП России;2;60318
Белозёрова Раиса Ивановна;Терапевт;Управление по рассмотрению обращений в исполнительном производстве ФССП России;2;15025
Мухина Цезария Ярославовна;Маркетолог;Управление по исполнению особо важных исполнительных производств ФССП России;4;244372
Александрова Александра Валериевна;Животновод;Управление информационных технологий ФССП России;2;51650
Батейко Зоя Виталиевна;Хореограф;Управление по рассмотрению обращений в исполнительном производстве ФССП России;3;141338
Калашникова Биргит Владимировна;Артист цирка;Управление информационных технологий ФССП России;5;43634
Кулакова Берта Анатолиевна;Спортивный врач;Управление по рассмотрению обращений в исполнительном производстве ФССП России;4;225991
Иващенко Злата Валериевна;Ветеринар;Управление по исполнению особо важных исполнительных производств ФССП России;5;67514
Егорова Юна Петровна;Переплетчик;Управление по исполнению особо важных исполнительных производств ФССП России;5;185881
Федосеева Алла Романовна;Детектив;Управление по рассмотрению обращений в исполнительном производстве ФССП России;5;79182
Тягай Цвета Борисовна;Секретарь-референт;Управление по исполнению особо важных исполнительных производств ФССП России;2;102000
Исаева Алла Ярославовна;Иммунолог;Управление информационных технологий ФССП России;5;51253
Пархоменко Ольга Михайловна;Прокурор;Управление по рассмотрению обращений в исполнительном производстве ФССП России;5;231889
Горбунова Харитина Брониславовна;Флорист;Управление информационных технологий ФССП России;2;103601
Ярова Тамара Эдуардовна;Налоговый инспектор;Управление по рассмотрению обращений в исполнительном производстве ФССП России;5;170133
Чернова Оксана Дмитриевна;Воспитатель;Управление по исполнению особо важных исполнительных производств ФССП России;5;107955
Блинова Шарлота Юхимовна;Египтолог;Управление по исполнению особо важных исполнительных производств ФССП России;4;60462
Евдокимова Василиса Фёдоровна;Лоббист;Управление по рассмотрению обращений в исполнительном производстве ФССП России;2;97711
Шестакова Регина Владимировна;Терапевт;Управление по исполнению особо важных исполнительных производств ФССП России;4;76028
Фомичёва Эльза Платоновна;Маркетолог;Управление информационных технологий ФССП России;4;39633
Дубченко Регина Ярославовна;Животновод;Управление по рассмотрению обращений в исполнительном производстве ФССП России;5;180680
Захарова Фаина Валериевна;Хореограф;Управление информационных технологий ФССП России;3;222749
Орлова Наталья Юхимовна;Артист цирка;Управление по рассмотрению обращений в исполнительном производстве ФССП России;5;141892
Исакова Чеслава Анатолиевна;Спортивный врач;Управление по исполнению особо важных исполнительных производств ФССП России;2;92637
Юдина Рада Романовна;Ветеринар;Управление по исполнению особо важных исполнительных производств ФССП России;2;53800
Устинова Юлия Алексеевна;Переплетчик;Управление по рассмотрению обращений в исполнительном производстве ФССП России;5;185650
Кудряшова Чилита Григорьевна;Детектив;Управление по исполнению особо важных исполнительных производств ФССП России;2;204326
Киселёва Флорентина Александровна;Секретарь-референт;Управление информационных технологий ФССП России;4;32691
Журавлёва Фаина Максимовна;Иммунолог;Управление по рассмотрению обращений в исполнительном производстве ФССП России;4;84073
Сердюк Яся Владимировна;Прокурор;Управление информационных технологий ФССП России;2;220138
Зварыч Полина Михайловна;Флорист;Управление по рассмотрению обращений в исполнительном производстве ФССП России;5;229029
Капустина Диана Алексеевна;Налоговый инспектор;Управление по исполнению особо важных исполнительных производств ФССП России;3;142118
Мамонтова Елизавета Платоновна;Воспитатель;Управление по исполнению особо важных исполнительных производств ФССП России;3;141126
Кудрявцева Нина Максимовна;Египтолог;Управление по рассмотрению обращений в исполнительном производстве ФССП России;2;34256
Зайцева Юна Леонидовна;Лоббист;Управление по исполнению особо важных исполнительных производств ФССП России;2;55001
Афанасьева Цезария Максимовна;Терапевт;Управление информационных технологий ФССП России;4;205150
Дементьева Тамара Алексеевна;Маркетолог;Управление по рассмотрению обращений в исполнительном производстве ФССП России;4;143681
Суханова Шарлота Артёмовна;Животновод;Управление информационных технологий ФССП России;5;191877
Тихонова Прасковья Львовна;Хореограф;Управление по рассмотрению обращений в исполнительном производстве ФССП России;2;209371
Борисенко Пелагея Богдановна;Артист цирка;Управление по исполнению особо важных исполнительных производств ФССП России;2;102153
Веселова Шушана Леонидовна;Спортивный врач;Управление по исполнению особо важных исполнительных производств ФССП России;4;106300
